Gen_ID,Date,Sex,Length,Location,Phen_num,q,big_Q,q_ci_width,Q_ci_width
EGM2018_2025,NA,NA,NA,YNP,NA,0.992925124819251,0.0141146681773551,0.0025282796821557,0.00505519560538232
EGM2018_2037,NA,NA,NA,YNP,NA,0.998903955275985,0.00217023176977988,0.00151954260363709,0.00303626019449439
EGM2018_2040,NA,NA,NA,YNP,NA,0.996739777864396,0.00647654329876191,0.00171322653768584,0.00340701229870319
EGM2018_2042,NA,NA,NA,YNP,NA,0.994419695824042,0.0111428092569434,0.00211338535882533,0.00422276842873543
EGM2018_2183,NA,NA,NA,YNP,NA,0.99081199982043,0.0181239448054212,0.00236425285693258,0.00468772258609533
EGM2018_2335,NA,NA,NA,YNP,NA,0.999978790526417,2.40633079651798e-05,0.00015057628403809,0.000224626527415235
EGM2018_2336,NA,NA,NA,YNP,NA,0.999973245722124,3.29680061229091e-05,0.000182061233094961,0.000292535551125178
EGM2018_2337,NA,NA,NA,YNP,NA,0.99953458988461,0.000906184938662882,0.00101007192833151,0.00199667753205968
EGM2018_2338,NA,NA,NA,YNP,NA,0.999975886971786,2.91703842422557e-05,0.000164016107161878,0.000251453783857866
EGM2018_2339,NA,NA,NA,YNP,NA,0.999967435375712,1.79150998889346e-05,0.000177934249655104,0.000159952063040689
EGM2018_2340,NA,NA,NA,YNP,NA,0.999706368148327,0.000553856141131497,0.000779788696013672,0.00152005759851592
EGM2018_2341,NA,NA,NA,YNP,NA,0.996971805602655,0.00603833132217392,0.00167891004239209,0.00335901662474498
EGM2018_2342,NA,NA,NA,YNP,NA,0.999978486693453,2.29609711222261e-05,0.000150444993511621,0.000209528523555485
EGM2018_2343,NA,NA,NA,YNP,NA,0.999988178120947,9.70329077810859e-06,8.42105895272471e-05,9.10619852220393e-05
EGM2018_2345,NA,NA,NA,YNP,NA,0.999982983031492,1.7200082581354e-05,0.000119380569010701,0.000159508135766371
EGM2018_2346,NA,NA,NA,YNP,NA,0.999925584395727,3.09800447631929e-05,0.000282990752286943,0.000275210401014187
EGM2018_2347,NA,NA,NA,YNP,NA,0.999982774370703,1.64841452378819e-05,0.000117987530872098,0.000149048230377954
EGM2018_2348,NA,NA,NA,YNP,NA,0.999986682006683,1.30444219332217e-05,9.12484190214724e-05,0.000116556946704803
EGM2018_2349,NA,NA,NA,YNP,NA,0.999986882137841,1.13607589604824e-05,8.94617725645437e-05,0.000101344439644887
EGM2018_2350,NA,NA,NA,YNP,NA,0.999973801436095,3.55818658764799e-05,0.000178349292534913,0.000303483196330485
EGM2018_2351,NA,NA,NA,YNP,NA,0.999985949794451,1.1746640064315e-05,0.000100352005503789,0.000108363403705879
EGM2018_2352,NA,NA,NA,YNP,NA,0.999980786607183,1.74493951095371e-05,0.000136595821018403,0.000164553049035019
EGM2018_2353,NA,NA,NA,YNP,NA,0.999988266685228,9.58382000959855e-06,8.19523623452064e-05,8.92954152732259e-05
EGM2018_2354,NA,NA,NA,YNP,NA,0.999970740991077,3.92106437467756e-05,0.000193856437874103,0.000338860334886697
EGM2018_2359,NA,NA,NA,YNP,NA,0.999984326252992,1.45413134583247e-05,0.00010853199514304,0.000136104283592429
EGM2018_2360,NA,NA,NA,YNP,NA,0.999987408936709,1.03465878023783e-05,8.95112166931636e-05,9.75235061559915e-05
EGM2018_2361,NA,NA,NA,YNP,NA,0.99998708637624,1.24206454659465e-05,8.95854116654353e-05,0.000111241490048995
EGM2018_2362,NA,NA,NA,YNP,NA,0.999987885612866,1.00590895467473e-05,8.50767340186975e-05,9.29135470869349e-05
EGM2018_2364,NA,NA,NA,YNP,NA,0.999986622504804,1.19872337551234e-05,9.52899707729678e-05,0.000114626971117103
EGM2018_2365,NA,NA,NA,YNP,NA,0.999987899428126,1.0218559623252e-05,8.44993061110744e-05,9.47543603615473e-05
EGM2018_2366,NA,NA,NA,YNP,NA,0.999951062969778,7.346579970854e-05,0.000310105231243861,0.000577246524335332
EGM2018_2367,NA,NA,NA,YNP,NA,0.999983895890329,1.58114294573577e-05,0.000112243669156628,0.000142099194999899
EGM2018_2368,NA,NA,NA,YNP,NA,0.999984945973446,1.47577968740784e-05,0.000106576910239907,0.000138501925539455
WCR2019_0078,5/11/2019,Male ,460,Trout Creek,NA,0.999987687643232,1.07861813829581e-05,8.89448593284267e-05,0.000100981600189697
WCR2019_0137,5/12/2019,Female ,448,Trout Creek,NA,0.357006419720663,0.698722397753562,0.00903096497058864,0.017983950674534
WCR2019_0139,5/12/2019,Female ,455,Trout Creek,NA,0.00580074878742694,0.0115661721493,0.00367292016744614,0.00734710299875586
WCR2019_0141,5/12/2019,Female ,504,Trout Creek,NA,0.523721239285908,0.944045887520944,0.00501803085207936,0.00990673601627357
WCR2019_0142,5/12/2019,Female ,450,Trout Creek,NA,0.00101052775067308,0.00194014788336448,0.00221385508775718,0.00431631027544621
WCR2019_0182,5/13/2019,Female ,483,Trout Creek,NA,0.00800977526577832,0.0133243801414528,0.00410314351320273,0.00740202360320836
WCR2019_0211,5/15/2019,Female ,448,Trout Creek,NA,0.298178798804681,0.584643279810746,0.00975975990295419,0.019782617688179
WCR2019_0242,5/20/2019,Female ,471,Trout Creek,NA,0.053534493657664,0.106346027888358,0.00626274943351746,0.0125478832051158
WCR2019_0261,5/21/2019,Female ,485,Trout Creek,NA,0.0616414284532697,0.113413327499025,0.00702736377716062,0.0134146859869361
WCR2019_0327,5/24/2019,Male ,460,Trout Creek,NA,0.470980341628023,0.941936346761797,0.0052428305149077,0.0104842379689217
WCR2019_0342,5/24/2019,Female ,495,Trout Creek,NA,0.0357914246654074,0.0715208303260392,0.00576831102371222,0.0115290503948927
WCR2019_0411,5/24/2019,Female ,434,Trout Creek,NA,0.021122004147619,0.0376776917760485,0.00491642355918886,0.00938104828819632
WCR2019_0474,5/25/2019,Female ,424,Trout Creek,NA,0.731975184247411,0.536026832817615,0.00963975116610527,0.0192250192165375
WCR2019_0485,5/25/2019,Female ,427,Trout Creek,NA,0.0983046539093571,0.196322524443098,0.0077695921063422,0.015562929213047
WCR2019_0548,5/26/2019,Male ,340,Trout Creek,NA,0.0457340202525515,0.0772945989914581,0.00887359380722041,0.015692950412631
WCR2019_0551,5/26/2019,Male ,371,Trout Creek,NA,0.0162317334734246,0.032400041810269,0.00423650443553936,0.00843222439289092
WCR2019_0554,5/26/2019,Female ,467,Trout Creek,NA,0.0629694241334566,0.123986768475466,0.00663663595914832,0.0129721447825432
WCR2019_0555,5/26/2019,Female ,440,Trout Creek,NA,0.55118600879935,0.707854258986725,0.00959890112280848,0.0182146310806274
WCR2019_0596,5/26/2019,Male ,403,Trout Creek,NA,0.188523045451991,0.368035937035563,0.00901564508676533,0.0180131077766418
WCR2019_0060,5/10/2019,Female ,465,Trout Creek,NA,0.0140792861756408,0.0279218050269089,0.00422874838113796,0.00849379850551486
WCR2019_0622,6/13/2019,Female ,497,Trout Creek,NA,0.112859816324694,0.197340928122573,0.00978590548038483,0.0179524313658476
WCR2019_0627,6/14/2019,Male ,453,Middle Creek,NA,0.00164061547180138,0.00324860358725305,0.00260944217443471,0.00520655804139096
WCR2019_0634,6/21/2019,Male ,442,Middle Creek,NA,0.995843381316497,0.00828854752345888,0.00179191913921386,0.00357412915909663
WCR2019_0076,5/11/2019,Female ,440,Trout Creek,NA,0.0710003018824533,0.12652052852657,0.00690873265266412,0.0129004199057817
WCR2019_0077,5/11/2019,Female ,486,Trout Creek,NA,0.0318963177105005,0.0603061171293516,0.00525878518819811,0.0101820630952716
WCR2019_1048,9/5/19,NA,45,Site 2,NA,0.25964227958486,0.483512355959278,0.0096831068396569,0.0184953145682811
WCR2019_1058,9/5/19,NA,39,Site 2,NA,0.00646922814943453,0.0129099344681606,0.00331384241580956,0.00663575127255171
WCR2019_1063,9/5/19,NA,33,Site 3,NA,0.999965736543995,4.96663183922513e-05,0.000233095557384906,0.000414098036708286
WCR2019_1069,9/5/19,NA,49,Site 3,NA,0.308038814460067,0.601382196984072,0.0104712128639222,0.0206835761666297
WCR2019_1070,9/5/19,NA,39,Site 3,NA,0.182467099887201,0.323845348200579,0.00961826741695393,0.0181492015719413
WCR2019_1205,9/13/19,NA,27,Site 2,NA,0.174088135350538,0.33965729043059,0.00927368700504305,0.0185979209840298
WCR2019_1206,9/13/19,NA,40,Site 2,NA,0.999742681688961,0.000495460871152361,0.000834853878322089,0.00165465534368535
WCR2019_1217,9/13/19,NA,43,Site 3,NA,0.49447257305185,0.894838793633998,0.00651662349700921,0.0127140641212464
WCR2019_1223,9/13/19,NA,32,Site 3,NA,0.23802291112042,0.454693966639795,0.0096241533756255,0.0188340462744236
WCR2019_1429,9/22/19,NA,41,Site 1,NA,0.792604083795657,0.407374119936735,0.00858042798936365,0.0167588472366332
WCR2019_1436,9/22/19,NA,47,Site 1,NA,0.00826848951631343,0.016478037514681,0.00392455309629447,0.00785426031798124
WCR2019_1437,9/22/19,NA,37,Site 1,NA,0.275149303916199,0.545880426144463,0.00948456376791007,0.0190377637743949
WCR2019_1440,9/22/19,NA,51,Site 1,NA,0.533849985352878,0.932273195403061,0.00588559955358503,0.0117592200636862
WCR2019_1473,9/22/19,NA,42,Site 3,NA,0.999921288894511,0.000140226470593818,0.000425259990183712,0.000824520808237064
WCR2019_1576,9/27/19,NA,51,Site 1,NA,0.0240940805104957,0.0481356803606125,0.00471981018781664,0.00941119752824306
WCR2019_1582,9/27/19,NA,45,Site 1,NA,0.999970596155216,3.31682436587595e-05,0.000191460457651359,0.000287831294554045
WCR2019_1609,9/27/19,NA,37,Site 2,NA,0.125580415291091,0.217722598284312,0.00891789793968212,0.0163354873657227
WCR2019_1614,9/27/19,NA,46,Site 3,NA,0.999059324631061,0.00186479196489498,0.00106725988807739,0.00212501246860484
WCR2019_1694,10/3/19,NA,44,Site 1,NA,0.658190115933446,0.672910531183769,0.00853090807795526,0.0169303625822067
WCR2019_1701,10/3/19,NA,43,Site 1,NA,0.994459424638885,0.0110590024577218,0.00215641671093181,0.0043102128431201
WCR2019_1707,10/3/19,NA,49,Site 1,NA,0.499419749526457,0.981636758039052,0.0045066624879837,0.00898387730121619
WCR2019_1708,10/3/19,NA,42,Site 1,NA,0.652940912835899,0.688173614452625,0.00840658918023113,0.0169642835855485
WCR2019_1808,10/13/19,NA,53,Site 1,NA,0.000982123428526396,0.00186199375834522,0.00203195065259931,0.00395344958869885
WCR2019_1811,10/13/19,NA,47,Site 1,NA,0.263605874447987,0.517883795191502,0.00900578349828718,0.0177488863468169
WCR2019_1837,10/13/19,NA,57,Site 2,NA,0.0162078727683823,0.0309355671324864,0.00437887907028189,0.00866090599447489
WCR2019_1843,10/13/19,NA,48,Site 3,NA,0.407520097127591,0.725524749019365,0.00873677134513851,0.0166754081845284
WCR2019_0747,8/18/19,NA,33,Site 1,NA,0.280635197991612,0.530467120402161,0.00943069308996203,0.0180641084909439
WCR2019_0760,8/18/19,NA,30,Site 2,NA,0.00202662704603635,5.39214520081593e-05,0.00208307951688769,0.000480621140013673
WCR2019_0771,8/18/19,NA,29,Site 2,NA,0.0171927971763258,0.0343308904953301,0.00466492474079128,0.00929358340799808
WCR2019_0772,8/18/19,NA,27,Site 2,NA,0.000148533180963006,0.000251649771155516,0.000970460474491119,0.00187430279911486
WCR2019_0912,8/27/19,NA,42,Site 2,NA,0.00147550676353663,0.00292465602454357,0.0030645191669465,0.00610666527037091
WCR2019_0924,8/27/19,NA,26,Site 3,NA,0.998303633366508,0.00337031399650866,0.00159911640366772,0.00318914630624931
WCR2019_0925,8/27/19,NA,32,Site 3,NA,0.517773843106182,0.95635895923979,0.00499436035752304,0.010150919854641
WCR2020_002,4/18/20,Male,479,Middle,1,0.00659123257914526,0.0131459041484685,0.00351643264293677,0.00703599269036203
WCR2020_003,4/18/20,Male,358,Middle,2,0.499391011840653,0.984586162454095,0.0044979430735112,0.00936508178710938
WCR2020_004,4/18/20,Male,471,Middle,0,6.50476811971855e-05,8.60930199770629e-05,0.000454786419868514,0.000783785598468957
WCR2020_005,4/18/20,Male,442,Middle,0,0.0167848864870531,0.0331886079132386,0.0046031147241592,0.00918190390802919
WCR2020_006,4/18/20,Male,405,Middle,0,3.11183970382509e-05,1.62316374206679e-05,0.000226739048957869,0.000149356473775695
WCR2020_008,4/19/20,Male,506,Middle,1,0.051997023097871,0.103872930571951,0.00698201507329932,0.0139135882258415
WCR2020_009,4/19/20,Male,428,Middle,0,0.0323426040213812,0.0640312219032183,0.00523383319377901,0.010559731349349
WCR2020_010,4/19/20,Male,440,Middle,0,0.00432448322444083,0.00849827110131018,0.00413021445274364,0.00830289013683796
WCR2020_011,4/19/20,Male,402,Middle,1,0.0533964787781153,0.10620147703451,0.00718929022550585,0.0144307216629386
WCR2020_012,4/20/20,Male,479,Middle,0,7.48721553932051e-05,0.000108065528747447,0.000531020760536238,0.000952657315065138
WCR2020_013,4/20/20,Male,481,Middle,1,0.0113998985198733,0.0224546581625018,0.00519814938306817,0.0103217433206737
WCR2020_014,4/20/20,Male,473,Middle,1,4.00015285347637e-05,2.57707201778814e-05,0.000264005362987541,0.000236960658367021
WCR2020_015,4/20/20,Male,446,Middle,0,0.00370419172415558,0.00255179791992624,0.00351836830377583,0.00585515384032534
WCR2020_016,4/20/20,Male,461,Middle,0,0.000149466423662468,0.00025837270239139,0.000924713909626007,0.00179370781115706
WCR2020_017,4/21/20,Male,488,Middle,0,0.0157430947933817,0.0314038807605447,0.00439407676458359,0.00877063903026283
WCR2020_018,4/21/20,Female,485,Middle,3,0.498959366194476,0.981104317646602,0.00433693975210192,0.00872589647769928
WCR2020_019,4/21/20,Male,487,Middle,0,0.00200507952368868,0.00396613928017202,0.00196394771337516,0.00390931584406644
WCR2020_020,4/21/20,Male,395,Middle,0,0.014809060856518,0.0192630712067088,0.0042784690856934,0.00684182615950703
WCR2020_021,4/21/20,Male,439,Middle,0,0.00540470885496918,0.000124017086022269,0.00330348014831539,0.0010419606900541
WCR2020_022,4/21/20,Male,453,Middle,0,0.0293614541326018,0.0581725308853576,0.00588411688804624,0.0117025178857148
WCR2020_023,4/21/20,Female,493,Middle,1,0.0365401252533641,0.0730190204784017,0.00544644743204115,0.0109078507870436
WCR2020_024,4/21/20,Male,455,Middle,1,0.0419124863089073,0.0834497332161871,0.00573797523975372,0.0115409107878804
WCR2020_025,4/21/20,Male,440,Middle,3,0.513038862779223,0.919778731191295,0.00629966333508492,0.0129473373293876
WCR2020_026,4/25/20,Male,487,Middle,0,4.04050042979526e-05,4.8002204893446e-05,0.000286403298378035,0.000441878719720977
WCR2020_027,4/26/20,Female,446,Middle,0,0.0045099133030102,0.00771267786453446,0.00332710146903992,0.00611844302620739
WCR2020_028,4/29/20,Male,353,Middle,1,0.297376646759181,0.581193411028248,0.00932664424180973,0.0187199130654334
WCR2020_029,4/29/20,Female,500,Middle,0,0.0474604935100538,0.092132524269922,0.00680036544799811,0.0134344710037112
WCR2020_030,4/30/20,Male,457,Middle,0,0.00520387629891416,0.0102086637711586,0.00463489294052133,0.00923432926647365
WCR2020_031,5/8/20,Male,462,Middle,0,0.0543714656029967,0.104812297696012,0.00769815444946287,0.0152391977608204
WCR2020_032,5/9/20,Female,508,Middle,0,0.000108422302381154,3.72232149044488e-05,0.000688910484313965,0.000332959929801284
WCR2020_033,5/10/20,Male,542,Middle,2,0.0203023919700805,0.0349754127080756,0.00473264306783672,0.00866858842782675
WCR2020_034,5/10/20,Male,487,Middle,2,0.000533054431600448,0.00102242366043326,0.00184225440025332,0.00363191834765969
WCR2020_036,5/12/20,Male,492,Middle,4,0.482008778427182,0.903049947133009,0.00700227916240681,0.0142585098743438
WCR2020_037,5/12/20,Male,484,Middle,0,0.0410750504084274,0.0820122385817184,0.00568583309650417,0.011321553401649
WCR2020_038,5/12/20,Male,421,Middle,2,0.0537533304277251,0.106200557864517,0.00696527808904646,0.0139999650418758
WCR2020_039,5/12/20,Male,478,Middle,0,0.0134594421451055,0.0267383279207152,0.00401701331138604,0.00794367105700075
WCR2020_040,5/12/20,Male,455,Middle,0,0.0173869200109172,0.0229271225523118,0.00452889502048492,0.00741107165813446
WCR2020_041,5/12/20,Male,446,Middle,5,0.509465756118298,0.96795631582367,0.00450958609580993,0.00928195118904107
WCR2020_042,5/12/20,Male,460,Middle,4,0.350460163558694,0.683811839866912,0.00964275896549216,0.019363971054554
WCR2020_044,5/13/20,Male,374,Middle,3,0.510448593349977,0.511947454717653,0.0126948691904544,0.0206194996833801
WCR2020_045,5/14/20,Male,409,Middle,0,0.0269844569088142,0.0538061635598712,0.00539959669113166,0.0107987173832953
WCR2020_046,5/14/20,Male,500,Middle,5,0.512892799699443,0.964860541991804,0.00462225526571275,0.00929993242025373
WCR2020_047,5/14/20,Male,452,Middle,1,0.0135154163634576,0.0269896717490521,0.00392166227102275,0.00781372631900012
WCR2020_048,5/15/20,Male,490,Middle,1,0.0073393567356859,0.0145561137554589,0.00352993905544285,0.0070695836097002
WCR2020_049,5/15/20,Male,425,Middle,0,0.00527333635917126,0.0104901045653166,0.00267258435487738,0.00533256833441555
WCR2020_050,5/15/20,Male,440,Middle,0,0.0188229372235679,0.0375959856890613,0.00487984567880639,0.00975716598331929
WCR2020_052,5/15/20,Male,424,Middle,2,0.503102375815312,0.984636187221127,0.00361341685056688,0.00737172514200202
WCR2020_053,5/15/20,Male,418,Middle,1,0.00678197974687035,0.013498456316877,0.00380722135305411,0.00761514636687934
WCR2020_054,5/15/20,Male,467,Middle,1,0.00327356838778427,0.00641784035236757,0.0021886885166168,0.00430558992084116
WCR2020_055,5/15/20,Male,375,Middle,1,0.016793138554384,0.0334039610240009,0.00428735017776494,0.00855600940994918
WCR2020_056,5/15/20,Male,430,Middle,1,0.0199601541068833,0.039855275835585,0.00416121780872347,0.00830886047333478
WCR2020_057,5/15/20,Male,467,Middle,1,0.001023672171332,0.00176963527587903,0.00272860229015348,0.00519569121410185
WCR2020_058,5/15/20,Male,465,Middle,1,0.0158393016766393,0.0316248547799628,0.00443451255559923,0.00885514304973184
WCR2020_060,5/15/20,Female,436,Middle,2,0.583778086472517,0.81780594172834,0.00777315869927403,0.0157480373978616
WCR2020_061,5/15/20,Male,460,Middle,3,0.503573048900941,0.977450243320273,0.00458474233746525,0.00926967561244962
WCR2020_062,5/15/20,Male,468,Middle,0,0.0119915130082518,0.0239280376269685,0.00361288934946058,0.00720356563106179
WCR2020_063,5/16/20,Male,434,Middle,0,0.162189339035373,0.315415171576642,0.0088169127702713,0.017226480692625
WCR2020_064,5/16/20,Male,490,Middle,0,0.00764761310699663,0.0108907804752422,0.00395147204399116,0.00678337451536208
WCR2020_065,5/16/20,Male,396,Middle,0,0.0140580965148756,0.0273847260805725,0.00377884209156032,0.00743262162432073
WCR2020_066,5/16/20,Male,426,Middle,1,0.154614230681254,0.304862246186226,0.00933761447668069,0.0187570370733738
WCR2020_068,5/16/20,Male,450,Middle,1,0.237849771387276,0.461205883228231,0.00954464972019187,0.0187562607228756
WCR2020_069,5/16/20,Male,370,Middle,4,0.505850163369343,0.977352779165082,0.00458595529198647,0.00935732126235955
WCR2020_070,5/16/20,Male,450,Middle,1,0.51174187191944,0.972116831612998,0.00467540398240091,0.00934531092643742
WCR2020_071,5/16/20,Female,453,Middle,3,0.521117163910263,0.951806680416239,0.00482850968837739,0.00988319218158717
WCR2020_072,5/17/20,Male,433,Middle,0,0.0226462122840785,0.0400575757574761,0.00536559820175175,0.0100788182578981
WCR2020_073,5/17/20,Female,467,Middle,0,0.00777063482986956,0.0138254813340375,0.00354204177856443,0.00685238086152821
WCR2020_074,5/18/20,Male,NA,Middle,6,0.987282939159322,0.0247555186887454,0.00312588012311608,0.00613876176066695
WCR2020_076,5/18/20,Male,396,Middle,1,0.0836886044788635,0.16692462324411,0.00739222466945644,0.0146671712398529
WCR2020_077,5/18/20,Female,454,Middle,6,0.714664869126917,0.550390198713747,0.00944707095623021,0.0189445197582244
WCR2020_078,5/18/20,Female,500,Middle,0,2.30824425106732e-05,2.26204329753297e-05,0.000160098075866699,0.000214618135578346
WCR2020_079,5/18/20,Male,438,Middle,0,0.000107048000920228,4.41416969521389e-05,0.000607520341873169,0.000415590211196098
WCR2020_080,5/18/20,Male,319,Middle,3,0.506526894970187,0.979146385758088,0.00427294448018073,0.00875845998525626
WCR2020_081,5/21/20,Male,436,Middle,2,0.260697060816589,0.477010182656091,0.0100238204002381,0.0192411795258522
WCR2020_082,5/21/20,Female,383,Middle,2,0.303209588937033,0.429675565425349,0.0120491489768029,0.020347099751234
WCR2020_084,5/22/20,Male,424,Middle,1,2.48874035549889e-05,2.67037100485253e-05,0.000174529850482941,0.000245569997059644
WCR2020_085,5/22/20,Male,490,Middle,3,0.26528864238454,0.385964412170238,0.0110713124275208,0.018873755633831
WCR2020_086,5/23/20,Male,519,Middle,0,0.0294423793842909,0.0586387736943347,0.00539191067218781,0.010825012344867
WCR2020_087,5/23/20,Male,464,Middle,1,0.00144156699676151,0.00201169963372647,0.00318409502506256,0.00569646404821986
WCR2020_088,5/23/20,Male,440,Middle,0,0.222963009740429,0.439686188733783,0.00900917649269106,0.0179609641432762
WCR2020_089,5/24/20,Female,494,Middle,1,0.337858281760723,0.632981289029121,0.00915041416883466,0.0179536759853363
WCR2020_090,5/24/20,Female,490,Middle,0,0.0106902169414807,0.0210063413800886,0.00390896797180185,0.0077094139996916
WCR2020_091,5/25/20,Male,425,Middle,0,0.0109114541594025,0.0164320473125654,0.00416501313447948,0.00715154078789055
WCR2020_092,5/25/20,Male,396,Middle,1,0.0150867140205342,0.0300162494855922,0.00491611361503608,0.00985834551975131
WCR2020_093,5/25/20,Male,484,Middle,1,0.0248074165629972,0.0485150073327381,0.00462312251329422,0.00915798554196954
WCR2020_094,5/25/20,Female,450,Middle,5,0.537417933218096,0.915332561803275,0.00587142407894137,0.0116473466157914
WCR2020_095,5/25/20,Male,437,Middle,3,0.278708851957458,0.534360126733095,0.00962761044502258,0.0188482344150543
WCR2020_096,5/25/20,Male,425,Middle,2,0.292404023725754,0.493210279268437,0.0100992426276207,0.0184267058968545
WCR2020_098,5/26/20,Male,416,Middle,1,5.75618972633109e-05,6.95367039660864e-05,0.00039441585540767,0.000643308328289996
WCR2020_099,5/26/20,Female,479,Middle,2,0.505474737128992,0.973018458077962,0.00457649976015095,0.00927955955266946
WCR2020_100,5/26/20,Male,456,Middle,6,0.999010988323168,0.00195662726114393,0.00124373744838522,0.00246705132740317
WCR2020_102,5/26/20,Male,542,Middle,3,0.510012263525491,0.954965918358715,0.0051757052540779,0.0104368552565576
WCR2020_103,5/29/20,Male,439,Middle,2,0.00768095262091735,0.0142614280335584,0.00332232117652898,0.00638203758280724
WCR2020_104,5/29/20,Male,463,Middle,6,0.745051616683774,0.487114520853963,0.00911333486437793,0.0180025249719619
WCR2020_105,5/29/20,Female,440,Middle,0,9.64539702077164e-05,7.0568793038832e-05,0.000500325858592943,0.000630271084082769
WCR2020_106,5/29/20,Female,461,Middle,6,0.582360271982763,0.807604192652922,0.00821177586913108,0.0164770260453225
WCR2020_107,5/29/20,Female,419,Middle,5,0.988443979860722,1.9858245789902e-05,0.0037787803215906,0.000177351968159198
WCR2020_108,5/30/20,Male,469,Middle,1,0.0138410729495273,0.02762802264985,0.00371459424495701,0.00745431878603994
WCR2020_109,5/30/20,Female,454,Middle,6,0.994508648113958,0.0109174295760231,0.00213774526491761,0.00425350784789771
WCR2020_110,5/30/20,Female,477,Middle,0,0.0347260290200169,0.0687292907836622,0.00558087378740313,0.0112316662445664
WCR2020_111,5/30/20,Female,434,Middle,1,0.02605277278771,0.0508727415580431,0.00501799732446673,0.0100617907010019
WCR2020_112,5/31/20,Female,451,Middle,0,0.0665968142704631,0.107667878947124,0.00706850290298455,0.0121505552902818
WCR2020_113,5/31/20,Male,449,Middle,1,0.00274540724584715,0.005350257138074,0.00218409895896921,0.00432935428689234
WCR2020_114,5/31/20,Female,423,Middle,3,0.515105828786718,0.956232511507369,0.00516478270292281,0.0104239851236343
WCR2020_115,5/31/20,Female,495,Middle,1,0.0141004627228757,0.0239472331063843,0.00672179013490681,0.0123842919711024
WCR2020_116,5/31/20,Male,480,Middle,0,0.00660833297184958,0.0131024389879393,0.00359313786029813,0.00714567068498582
WCR2020_117,6/1/20,Male,482,Middle,2,0.124056226682646,0.24163939767014,0.00836024880409236,0.0163197237998247
WCR2020_118,6/1/20,Male,456,Middle,1,0.0214722368212138,0.0420090662264105,0.00427575558423987,0.00838390477001667
WCR2020_119,6/2/20,Female,466,Middle,0,0.0189170222612762,0.0333258990485264,0.00633344650268552,0.012072981428355
WCR2020_120,6/2/20,Female,459,Middle,0,0.0151558613335585,0.0302123140033078,0.00433961451053622,0.00865533370524645
WCR2020_121,6/2/20,Female,479,Middle,2,0.539155008837409,0.910566810037213,0.00593331158161164,0.011969368159771
WCR2020_122,6/2/20,Female,442,Middle,6,0.99949753405719,0.000982323284009275,0.00107606009853356,0.00212077065722247
WCR2020_123,6/2/20,Female,474,Middle,0,0.00633869749900681,0.0126155186330514,0.00277579426765451,0.00554135653655976
WCR2020_124,6/6/20,Male,445,Middle,0,0.0355139542314299,0.0709000797659673,0.00593271404504769,0.011841206997633
WCR2020_125,6/6/20,Female,385,Middle,3,0.378136947689385,0.545625705304502,0.0109333202242852,0.0192836567759515
WCR2020_126,6/6/20,Female,486,Middle,1,0.0223986542130681,0.0441517037354495,0.00490602105855931,0.00975641850382088
WCR2020_128,6/7/20,Male,483,Middle,4,0.502434974814626,0.977844499801767,0.00447554886341095,0.00900971740484235
WCR2020_130,6/7/20,Female,484,Middle,4,0.510615442408912,0.955163846930553,0.00516369938850397,0.0104505956172944
WCR2020_131,6/7/20,Male,450,Middle,0,0.047276893046995,0.0775026031305221,0.00616672188043588,0.0109538549557328
WCR2020_132,6/7/20,Male,473,Middle,0,0.266831263050266,0.50988640576601,0.0096092760562897,0.0187092229723931
WCR2020_133,6/7/20,Female,428,Middle,0,0.0437491810227605,0.087206514136459,0.00614008456468573,0.0122532093897462
WCR2020_134,6/8/20,Male,455,Middle,2,0.52462635484235,0.937125597904468,0.00565416961908344,0.0113175347447395
WCR2020_135,6/8/20,Female,464,Middle,0,0.000163488464446473,5.33197698365497e-05,0.000620020925998777,0.000501161110878451
WCR2020_136,6/8/20,Female,485,Middle,2,0.0795692448039678,0.155826087050226,0.00743182599544512,0.0144594594836235
WCR2020_137,6/8/20,Female,450,Middle,0,0.1050902155988,0.197788635082971,0.00821952074766163,0.0159888867288828
WCR2020_138,6/12/20,Male,470,Middle,0,0.0623259828896958,0.124586248049277,0.00785600990056978,0.0156895132735372
WCR2020_140,6/12/20,Male,475,Middle,6,0.999733834372855,0.000507752996642881,0.000769652111897856,0.00150404868723119
WCR2020_141,6/12/20,Female,445,Middle,2,0.0183423096451095,0.0364934754004466,0.00475811064243314,0.00947136487811803
WCR2020_142,6/12/20,Male,464,Middle,6,0.839537753634069,0.314326314811391,0.00826552882790565,0.0164303354918956
WCR2020_143,6/12/20,Female,450,Middle,6,0.997791103453472,0.00436235721688049,0.00155795296304859,0.00308998807449825
WCR2020_144,6/12/20,Male,462,Middle,1,0.0266609232845962,0.0499328116173374,0.00523146092891702,0.0098116741515696
WCR2020_145,6/13/20,Male,346,Middle,0,0.0418211455795186,0.0803675321939177,0.00592442750930788,0.0115367460995913
WCR2020_146,6/13/20,Female,435,Middle,1,0.145029124613295,0.289623921892081,0.00857303291559208,0.0173447884619236
WCR2020_147,6/13/20,Female,430,Middle,6,0.996198539329671,0.00549229002861445,0.002579324884573,0.00447599641047417
WCR2020_148,6/13/20,Female,436,Middle,0,0.350455652547294,0.569493295101599,0.0113834455609322,0.0209444761276244
WCR2020_149,6/13/20,Female,468,Middle,0,0.0145881020013864,0.0270524670491958,0.00489127486944196,0.00960105541162193
WCR2020_150,6/13/20,Female,463,Middle,0,0.256279321282931,0.49018669587271,0.009672747552395,0.0189903445541859
WCR2020_151,6/13/20,Female,448,Middle,1,0.100085681955191,0.192100177326764,0.00788149535655969,0.0152607519179582
WCR2020_152,6/14/20,Female,480,Middle,0,0.00433062589434297,0.00637423437739048,0.0027030870318413,0.00453495067777112
WCR2020_153,6/14/20,Male,463,Middle,4,0.499668271036326,0.961137812922056,0.00550304725766182,0.0110683456063271
WCR2020_154,6/14/20,Male,430,Middle,6,0.996203144120759,0.00757193401777025,0.00204236905556172,0.00407155933789909
WCR2020_155,6/14/20,Female,462,Middle,2,0.497522615432397,0.96023474796065,0.00506419017910953,0.0104018539190293
WCR2020_156,6/14/20,Female,448,Middle,0,0.00308463477202418,0.00610744368029362,0.00234951227903357,0.00466944365180097
WCR2020_157,6/14/20,Female,471,Middle,6,0.995823811916099,0.00833178549935377,0.00205807415186427,0.0041128278709948
WCR2020_158,6/15/20,Female,438,Middle,6,0.99870518627523,0.0025694681740006,0.0012571084938827,0.00251000763091724
WCR2020_159,6/15/20,Male,396,Middle,0,0.00542722049388692,0.0108078083921566,0.00306002348661427,0.00609728323761374
WCR2020_160,6/16/20,Female,485,Middle,0,0.0406261980777671,0.0793482497056154,0.00554930418729782,0.0110108722001314
WCR2020_161,6/16/20,Female,441,Middle,0,0.0142072799015019,0.0278335019414067,0.00423221588134759,0.00823912220075726
WCR2020_162,6/16/20,Female,460,Middle,3,0.546035982778018,0.562218339933061,0.0116124168038368,0.0195259049534797
WCR2020_163,6/16/20,Female,455,Middle,0,3.91497633134879e-05,3.89417495083139e-05,0.00027138590812692,0.000345856593048659
WCR2020_164,6/16/20,Male,369,Middle,1,0.156999698775424,0.302487529492241,0.0091866612434387,0.0180345475673675
WCR2020_165,6/19/20,Female,460,Middle,6,0.998545402435736,0.00288476687137455,0.00141123276407598,0.00281556997506413
WCR2020_166,6/19/20,Female,455,Middle,6,0.999625887144571,0.000727707770994127,0.000952514680414573,0.00188690061971613
WCR2020_167,6/19/20,Female,449,Middle,6,0.998791984151835,0.0022538324675306,0.0010966671150527,0.00211079336586408
WCR2020_168,6/19/20,Female,479,Middle,4,0.501020654273787,0.982684684467727,0.00412612035870558,0.00818464756011972
WCR2020_169,6/19/20,Male,475,Middle,6,0.994155495187332,0.0114945384902323,0.00225382224889472,0.00449776051100343
WCR2020_170,6/19/20,Male,495,Middle,6,0.995581197916776,0.00881506562334667,0.00215971544967033,0.00430777152068913
WCR2020_171,6/20/20,Female,473,Middle,6,0.99284153657398,0.0141832184299142,0.00271766585065052,0.00539237195625901
WCR2020_172,6/20/20,Female,447,Middle,6,0.999476541044383,0.00102710596825653,0.000924633946124229,0.00185366922360117
WCR2020_173,6/20/20,Female,425,Middle,6,0.998093112498179,0.00218816245211996,0.00160857952432707,0.00236553765134886
WCR2020_174,6/21/20,Female,437,Middle,2,0.0259537496832039,0.0518071683918008,0.00533991158008573,0.0106319481506944
WCR2020_175,6/21/20,Male,347,Middle,0,0.00907833266797229,0.0180358076378189,0.00352928936481478,0.0070561550091952
WCR2020_176,6/21/20,Female,378,Middle,6,0.992679409014768,0.0146215215008492,0.00238901510601863,0.00477428978774696
WCR2020_177,6/21/20,Female,405,Middle,0,0.032597828909819,0.0143885232594089,0.006751312315464,0.00867320178076625
WCR2020_178,6/21/20,Male,437,Middle,2,0.0124565618008311,0.0248613623304871,0.00402843207120895,0.00804668515920639
WCR2020_179,6/21/20,Female,429,Middle,6,0.99991005727957,0.000159355263924577,0.000458213030774552,0.000896211365761532
WCR2020_180,6/21/20,Male,427,Middle,0,0.0195221071211814,0.0389658958936945,0.00477660894393916,0.00952296135947107
WCR2020_181,6/21/20,Female,467,Middle,6,0.999961003606347,6.18941403126406e-05,0.000258341849889092,0.000488782633328797
WCR2020_182,6/21/20,Male,452,Middle,3,0.686628482982345,0.612802076781618,0.0102786839008331,0.0203934147953987
WCR2020_183,6/21/20,Male,455,Middle,6,0.996253056491929,0.00705854424743795,0.00210014374461025,0.00412909478181973
WCR2020_184,6/21/20,Female,439,Middle,6,0.999970400025105,4.23449701598144e-05,0.000196058576828059,0.000352885806933037
WCR2020_185,6/21/20,Male,292,Middle,3,0.521414616991734,0.942688346433228,0.00545024424791335,0.011121079325676
WCR2020_186,6/21/20,Male,356,Middle,0,0.0363042930809074,0.0673023573296337,0.00697295963764188,0.013286652136594
WCR2020_188,6/21/20,Male,248,Middle,1,0.00312341946406503,0.00620359886155648,0.00317503362894056,0.00632188952877186
WCR2020_189,6/21/20,Female,449,Middle,1,0.526140461557213,0.912010686616788,0.00644429698586463,0.0128441318869591
WCR2020_190,6/21/20,Male,417,Middle,0,0.148075799570344,0.274344491520147,0.0115014493465424,0.0216495722532272
WCR2020_191,6/22/20,Female,427,Middle,0,0.0635880719309394,0.123209474067065,0.00709584355354309,0.0139911295846104
WCR2020_192,6/24/20,Female,407,Middle,0,0.146533921448321,0.195771793154464,0.00997521430253978,0.0156516592949629
WCR2020_193,6/24/20,Female,388,Middle,3,0.525007863442103,0.930985926451354,0.00578905716538425,0.0115218743681907
WCR2020_194,6/25/20,Male,459,Middle,0,0.0495054365531809,0.0730181757707534,0.00646719783544525,0.0107665801420808
WCR2020_195,6/25/20,Male,460,Middle,0,0.0968369381827698,0.183858885903811,0.00744424164295199,0.0142123997211456
WCR2020_196,6/25/20,Male,416,Middle,3,0.100487799760939,0.197210162740158,0.00770160108804696,0.0153592083603144
WCR2020_197,6/25/20,Male,447,Middle,3,0.502421399764288,0.983849617883392,0.00389190614223478,0.00779573321342464
WCR2020_198,6/25/20,Female,460,Middle,6,0.998889865152452,0.002194885061736,0.00100039813260082,0.00199742718541529
WCR2020_199,6/25/20,Female,440,Middle,5,0.999986235355509,1.32825280152601e-05,9.73896859774446e-05,0.000125813460908828
WCR2020_200,6/25/20,Male,379,Middle,1,0.231287648843109,0.358875271349118,0.0102948933839798,0.0175597071647644
WCR2020_201,6/25/20,Male,485,Middle,0,2.21995284463262e-05,2.12313980248521e-05,0.000154018402099609,0.00019334936914674
WCR2020_202,6/26/20,Male,376,Middle,0,0.0209042774509082,0.0411780670602089,0.00454773753881454,0.00896812416613102
WCR2020_203,6/26/20,Female,459,Middle,6,0.994514922198208,0.0109504999657665,0.00184769508196041,0.00369491961318999
WCR2020_204,6/26/20,Female,484,Middle,0,0.0358856611673174,0.065067973906367,0.0056674122810364,0.0105707237496972
WCR2020_205,6/26/20,Female,462,Middle,5,0.620266682204159,0.739966770849009,0.00966336652636529,0.0193947404623031
WCR2020_206,6/26/20,Female,444,Middle,4,0.536542230584156,0.919079823788555,0.00612448453903197,0.0124350056052208
WCR2020_207,6/27/20,Female,463,Middle,6,0.999642043360348,0.000693113901291623,0.000888510676946197,0.00174649729641462
WCR2020_208,6/27/20,Female,501,Middle,6,0.999983284189098,1.92666971251223e-05,0.000117420775683986,0.00017800818495743
WCR2020_209,6/27/20,Female,444,Middle,1,0.513000917993058,0.956673746098732,0.00515120923519136,0.0103388220071793
WCR2020_210,6/27/20,Male,468,Middle,3,0.523622214811287,0.947878409935825,0.00527363717556001,0.0106111973524093
WCR2020_211,6/28/20,Female,418,Middle,4,0.999911602269644,0.000159831667504357,0.000407684694774102,0.000794793818203495
WCR2020_212,6/28/20,Male,423,Middle,1,0.0133443315374269,0.0265635812610131,0.00461032837629316,0.00924977059476078
WCR2020_213,6/28/20,Female,424,Middle,6,0.998543745179971,0.00288700939522021,0.00173374903970398,0.00346139617613517
WCR2020_214,6/29/20,Male,471,Middle,6,0.902687555301463,0.191508101226612,0.00683865677565336,0.0135725479573011
WCR2020_215,6/29/20,Female,463,Middle,6,0.999982002182254,1.99142510856839e-05,0.000127363496363,0.000188982859981476
WCR2020_216,6/29/20,Female,454,Middle,2,0.523919076501638,0.94179490333316,0.0052568383514881,0.0105085015296936
WCR2020_217,6/30/20,Male,495,Middle,6,0.99989428627765,1.51990628148442e-05,0.000324892085476413,0.000141201019505385
WCR2020_218,6/30/20,Male,415,Middle,0,0.0157299414455848,0.0307269584771845,0.00416042655706417,0.00830129091627895
WCR2020_219,6/30/20,Female,486,Middle,4,0.50552935604734,0.966901899195951,0.00452206209301947,0.00903954952955244
WCR2020_220,6/30/20,Male,414,Middle,1,0.00532254062670593,0.0106022995102069,0.00322190523147592,0.00645938506349921
WCR2020_221,6/30/20,Female,449,Middle,6,0.999974664151669,3.62432605218732e-05,0.000177849213059343,0.00032109228050103
WCR2020_222,7/3/20,Female,440,Middle,6,0.99488077331891,0.0101453585987482,0.00206045896047726,0.0041025549871847
WCR2020_223,7/4/20,Female,495,Middle,2,0.0132737222695509,0.0264991525644115,0.0040351346135139,0.00806486960500478
WCR2020_224,7/4/20,Male,285,Middle,0,0.100541232336612,0.196909182219841,0.00769064426422117,0.0153451200574636
WCR2020_225,7/4/20,Male,476,Middle,3,0.406618263930425,0.647531862286316,0.00967894643545142,0.017641282081604
WCR2020_373,9/5/20,NA,30,Middle,NA,0.998803239646314,0.00236990900821455,0.00106626630877145,0.00213103533897083
WCR2020_374,9/5/20,NA,40,Middle,NA,0.000125554263990978,0.000205710220359167,0.000868381559848808,0.00166471272241322
WCR2020_375,9/5/20,NA,31,Middle,NA,0.996759062673169,0.00646275784686507,0.00157276526442729,0.00313008106313646
WCR2020_376,9/5/20,NA,36,Middle,NA,1.69851099945697e-05,1.62448832136689e-05,0.000117005407810233,0.000148272893784447
WCR2020_377,9/5/20,NA,39,Middle,NA,0.00227572855181676,0.00448481225854203,0.00200290977954865,0.0039871281653177
WCR2020_378,9/5/20,NA,36,Middle,NA,0.991960734755828,0.0157440493760588,0.00251842415891587,0.00501309668179601
WCR2020_380,9/5/20,NA,26,Middle,NA,0.741811976422524,0.51216064973638,0.00859008729457855,0.0170983090996742
WCR2020_381,9/5/20,NA,31,Middle,NA,0.00382086374210167,0.00594102143793736,0.00356867015361784,0.00602967119775712
WCR2020_382,9/5/20,NA,35,Middle,NA,0.25599547294964,0.502296397662026,0.00927402824163437,0.0185145631432533
WCR2020_383,9/5/20,NA,34,Middle,NA,0.51976802107589,0.946605177418939,0.00543074682354927,0.0110157832503318
WCR2020_384,9/5/20,NA,101,Middle,NA,8.73737577098369e-05,0.000135100540658472,0.0005794256925582,0.0010674742661649
WCR2020_449,9/19/20,NA,60,Middle,NA,3.13080270923439e-05,2.75829092276732e-05,0.00021536499261865,0.000256356720637992
WCR2020_450,9/19/20,NA,56,Middle,NA,0.999786452325596,0.000411213312086286,0.000678988866769605,0.00133854813753408
WCR2020_452,9/19/20,NA,48,Middle,NA,0.0124371760315529,0.0205610448663155,0.00361205488443372,0.00658078589476645
WCR2020_453,9/19/20,NA,43,Middle,NA,0.751731585185418,0.496176358932394,0.00823785588145259,0.0164930880069732
WCR2020_454,9/19/20,NA,33,Middle,NA,0.0413756983087066,0.0553541671805855,0.00633881539106373,0.0097100168466568
WCR2020_455,9/19/20,NA,43,Middle,NA,0.511709203774902,0.961852293024803,0.00493218302726739,0.00990597456693643
WCR2020_456,9/19/20,NA,37,Middle,NA,0.997397735862211,0.00518575707156126,0.0014834736881312,0.00296982728759758
WCR2020_457,9/19/20,NA,54,Middle,NA,0.648545282119992,0.489174678856614,0.0110862612724305,0.0191643089056014
WCR2020_458,9/19/20,NA,60,Middle,NA,2.7638341807373e-05,2.76101919484466e-05,0.000192762911319755,0.000259967324382158
WCR2020_460,9/19/20,NA,44,Middle,NA,0.0232717768390845,0.0378249743615074,0.00514588803052896,0.00924577768892048
WCR2020_461,9/19/20,NA,35,Middle,NA,0.717036391770703,0.545497709026282,0.00940115451812745,0.0187430068850517
WCR2020_462,9/19/20,NA,37,Middle,NA,0.293257492484375,0.511153059632614,0.0101051434874533,0.0188858047127725
WCR2020_463,9/19/20,NA,65,Middle,NA,0.0273086751967497,0.0514393106449781,0.00472392588853832,0.00901288362219928
WCR2020_464,9/19/20,NA,49,Middle,NA,0.511836080044165,0.949386584652566,0.00539744496345523,0.010781666636467
WCR2020_465,9/19/20,NA,48,Middle,NA,0.000145433846510531,0.000236981636354565,0.000967170298099451,0.00185318438161627
WCR2020_466,9/19/20,NA,33,Middle,NA,0.270452725167932,0.523455986973198,0.0093244060873986,0.0184911847114563
WCR2020_468,9/19/20,NA,63,Middle,NA,0.201204998429822,0.399941554566224,0.00932056009769444,0.0187941044569016
WCR2020_469,9/19/20,NA,46,Middle,NA,1.40602111010127e-05,1.06749377751347e-05,0.000100855529308275,9.52238546233266e-05
WCR2020_470,9/19/20,NA,41,Middle,NA,0.0129809706503975,0.0259223488603729,0.0041542574763298,0.00830719214864074
WCR2020_471,9/19/20,NA,43,Middle,NA,0.277174500268081,0.530685729901681,0.0091436922550201,0.0182065963745117
WCR2020_472,9/19/20,NA,38,Middle,NA,2.30874079938107e-05,2.18761155803275e-05,0.000163565576076552,0.000203785679696006
WCR2020_473,9/19/20,NA,31,Middle,NA,0.986418401708548,0.027120735708881,0.00303039820864797,0.00606978535652161
WCR2020_474,9/19/20,NA,58,Middle,NA,1.59801273240562e-05,1.29207184703943e-05,0.00011188089847558,0.000118228241262839
WCR2020_476,9/19/20,NA,58,Middle,NA,3.07006140023278e-05,1.84679988364719e-05,0.000223414599895499,0.000173433316740553
WCR2020_477,9/19/20,NA,33,Middle,NA,0.295451019312116,0.575933394682133,0.00916224569082269,0.0182599142193794
WCR2020_478,9/19/20,NA,54,Middle,NA,0.999980263689469,2.37110492173296e-05,0.000135755254298826,0.000220280065332187
WCR2020_479,9/19/20,NA,54,Middle,NA,0.0137203718854072,0.0273744725731426,0.00376358330249782,0.00750652845017612
WCR2020_480,9/19/20,NA,65,Middle,NA,1.81316861363822e-05,1.54285144233298e-05,0.00012785941362381,0.000143361688242292
WCR2020_481,9/19/20,NA,33,Middle,NA,0.519665726522605,0.455365222392754,0.0120991803705693,0.01858996078372
WCR2020_482,9/19/20,NA,43,Middle,NA,0.533743851215675,0.923741467875996,0.00562030300498007,0.0112773507833481
WCR2020_484,9/19/20,NA,59,Middle,NA,0.109429189469023,0.20305234511522,0.00788248926401136,0.0149286687374115
WCR2020_485,9/19/20,NA,60,Middle,NA,3.88731100027353e-05,3.90626795440726e-05,0.000266914069652624,0.000365125579264704
WCR2020_486,9/19/20,NA,45,Middle,NA,0.519144169489543,0.954427939944569,0.00485448092222213,0.00966413021087653
WCR2020_487,9/19/20,NA,53,Middle,NA,0.0251904218617142,0.0501166328490209,0.00536887645721429,0.0106804482638836
WCR2020_488,9/19/20,NA,45,Middle,NA,0.26481837182552,0.492115916596062,0.00947052687406547,0.0184034615755082
WCR2020_489,9/19/20,NA,39,Middle,NA,0.00745547302792534,0.014880636368086,0.00295770913362492,0.00589473699219524
WCR2020_490,9/19/20,NA,55,Middle,NA,0.000674002188022874,0.00129295135158351,0.0023802235722542,0.00472908237714431
WCR2020_491,9/19/20,NA,39,Middle,NA,0.959443000606422,0.0810130256213162,0.00463431077077984,0.00926225110888479
WCR2020_492,9/19/20,NA,47,Middle,NA,3.79249590668284e-05,2.59513154673793e-05,0.000261437892913774,0.000248552827542875
WCR2020_493,9/19/20,NA,35,Middle,NA,0.0158749647870467,0.0316050199965208,0.00394378453493116,0.00783677916042505
WCR2020_583,10/3/20,NA,41,Middle,NA,0.608405395917509,0.769052443233715,0.00783486589789389,0.0155772447586058
WCR2020_584,10/3/20,NA,49,Middle,NA,3.13861761031489e-05,3.21122343774186e-05,0.000220957398414545,0.000296708133828356
WCR2020_585,10/3/20,NA,41,Middle,NA,0.00369477361912341,0.00727893957342342,0.00335203856229782,0.00672137638321146
WCR2020_587,10/3/20,NA,63,Middle,NA,0.999985144912511,1.63339184993767e-05,0.000102511966576064,0.000150831119026404
WCR2020_588,10/3/20,NA,46,Middle,NA,0.996343096426164,0.00729087985848644,0.00165019397973083,0.0032979829236865
WCR2020_589,10/3/20,NA,51,Middle,NA,0.14721001041004,0.276436653753807,0.00854747146368029,0.0164976984262467
WCR2020_591,10/3/20,NA,46,Middle,NA,4.64073030811708e-05,4.0654189214339e-05,0.00031222403049469,0.000373914915689956
WCR2020_592,10/3/20,NA,64,Middle,NA,2.52141593454976e-05,1.91716202824527e-05,0.000183165073394775,0.000186502354335968
WCR2020_593,10/3/20,NA,51,Middle,NA,0.258742357132764,0.504690830428367,0.0093533843755722,0.0184353597462177
WCR2020_594,10/3/20,NA,51,Middle,NA,0.0219209878680821,0.0415315341904502,0.00433798283338549,0.00818296689540148
WCR2020_595,10/3/20,NA,58,Middle,NA,0.024284470895969,0.0480928692290153,0.00443096905946727,0.00884399097412823
WCR2020_596,10/3/20,NA,53,Middle,NA,0.783681475732518,0.431645663956116,0.00845264084637162,0.0167955391108989
WCR2020_597,10/3/20,NA,43,Middle,NA,0.0480057779027299,0.0933806855779612,0.00619867295026777,0.0122960364446044
WCR2020_598,10/3/20,NA,52,Middle,NA,0.018070516331314,0.0358019322050928,0.00378126800060274,0.00755432313308119
WCR2020_599,10/3/20,NA,54,Middle,NA,0.311384484468178,0.566667865583266,0.00963531583547594,0.0186046719551086
WCR2020_600,10/3/20,NA,42,Middle,NA,0.99919640132408,0.00159092751316156,0.000925553478009533,0.0018395155959297
WCR2020_601,10/3/20,NA,36,Middle,NA,0.745611600101679,0.505101253320088,0.0084902070462704,0.0170195996761321
WCR2020_602,10/3/20,NA,44,Middle,NA,0.0171392574593767,0.0342293815268739,0.00426884442567821,0.00855180257931352
WCR2020_603,10/3/20,NA,28,Middle,NA,0.223564145395468,0.32336912457114,0.0103268459439279,0.0170455239713193
WCR2020_604,10/3/20,NA,43,Middle,NA,0.166767313513776,0.273927970350474,0.0107474625110626,0.0191305294632912
WCR2020_605,10/3/20,NA,29,Middle,NA,0.622576873542249,0.725236346745628,0.00864432826638217,0.0167257532477378
WCR2020_606,10/3/20,NA,31,Middle,NA,0.758595223183605,0.471446696638033,0.00869484655559064,0.0172698199748992
WCR2020_607,10/3/20,NA,53,Middle,NA,0.00447749458958566,0.00596226838561867,0.00321335047483429,0.00568168488680384
WCR2020_609,10/3/20,NA,63,Middle,NA,0.232736766747702,0.454956815773728,0.00980347245931623,0.0193157114088535
WCR2020_610,10/3/20,NA,49,Middle,NA,0.256542306561237,0.491961982346129,0.00957837104797366,0.0187588170170784
WCR2020_611,10/3/20,NA,34,Middle,NA,0.0144026580230793,0.028677832227971,0.00380678325891493,0.00759771405719221
WCR2020_612,10/3/20,NA,46,Middle,NA,0.276949458339776,0.533406623447763,0.00897273421287537,0.0178914546966552
WCR2020_613,10/3/20,NA,27,Middle,NA,2.6607332244927e-05,2.29952736980344e-05,0.0001860871911048,0.000213155626261137
WCR2020_614,10/3/20,NA,47,Middle,NA,0.206207072545571,0.379363575887749,0.00932847410440441,0.0176925867795944
WCR2020_615,10/3/20,NA,26,Middle,NA,0.108872219220917,0.188139111078505,0.00894876271486289,0.0164977088570595
WCR2020_617,10/3/20,NA,34,Middle,NA,0.22827550984234,0.433441392260379,0.00967669785022729,0.019023647159338
WCR2020_619,10/3/20,NA,40,Middle,NA,0.0261169095983964,0.0484965267098755,0.00521623790264136,0.00985494470223784
WCR2020_620,10/3/20,NA,46,Middle,NA,0.716952638715163,0.551853908584721,0.00890949964523319,0.0177790790796279
WCR2020_621,10/3/20,NA,32,Middle,NA,0.474939110082114,0.452499594424648,0.0123019143939018,0.0192475683987141
WCR2019_0746,8/18/19,NA,39,Site 1,NA,0.0133607486802978,0.0266832674340741,0.00447431206703175,0.00893700341694056
WCR2019_0748,8/18/19,NA,35,Site 1,NA,3.25720620077782e-05,4.00379573778351e-05,0.000227098166942552,0.000359548327833172
WCR2019_0752,8/18/19,NA,27,Site 1,NA,0.00270715716225201,0.00516446178162852,0.003337062895298,0.00665696467622183
WCR2019_0754,8/18/19,NA,28,Site 1,NA,0.999980971796074,1.33446219173278e-05,0.000135119536431922,0.000122360894602023
WCR2019_0756,8/18/19,NA,30,Site 1,NA,2.04126760820219e-05,1.94063523133693e-05,0.000143833458423615,0.000185341608084844
WCR2019_0762,8/18/19,NA,27,Site 2,NA,0.00816119558545868,0.0162875154710525,0.00508608818054201,0.0101391477510333
WCR2019_0766,8/18/19,NA,37,Site 2,NA,0.508749190705946,0.982115038671028,0.00408616960048674,0.00801464319229128
WCR2019_0768,8/18/19,NA,27,Site 2,NA,0.0123884019544669,0.0247424929043085,0.00456808060407643,0.00915258848108351
WCR2019_0770,8/18/19,NA,27,Site 2,NA,2.75542299906749e-05,2.5304351094535e-05,0.000195388495922155,0.000235538601191359
WCR2019_0777,8/18/19,NA,27,Site 3,NA,0.669054681956768,0.637022005847131,0.00930013805627822,0.0183838903903961
WCR2019_0778,8/18/19,NA,36,Site 3,NA,0.503868164872301,0.992080890854885,0.00326617807149882,0.00657497495412818
WCR2019_0780,8/18/19,NA,37,Site 3,NA,0.499020672870436,0.997179433107376,0.00263099446892739,0.00524508357048037
WCR2019_0783,8/18/19,NA,32,Site 3,NA,0.50162939839322,0.99351243788826,0.0038090825080872,0.00739649683237087
WCR2019_0784,8/18/19,NA,30,Site 3,NA,4.47115885994946e-05,5.97175415268325e-05,0.000317399203777269,0.000529873401683278
WCR2019_0886,8/27/19,NA,43,Site 1,NA,0.507533479535032,0.984230483993031,0.0039476186037064,0.00806489288806911
WCR2019_0891,8/27/19,NA,38,Site 1,NA,0.306762953104301,0.572935351027154,0.0099332749843597,0.0195392176508904
WCR2019_0892,8/27/19,NA,28,Site 1,NA,0.995374423998526,0.00922682869365846,0.00227264834102243,0.00454551157308742
WCR2019_0895,8/27/19,NA,30,Site 1,NA,0.508358919250554,0.982328260284046,0.00400820150971409,0.00788353234529493
WCR2019_0897,8/27/19,NA,26,Site 1,NA,0.999985229989578,1.38978490472319e-05,0.000105411203481383,0.00013048564760538
WCR2019_0901,8/27/19,NA,34,Site 2,NA,0.0300756361973525,0.0601013732703681,0.00541464090347299,0.010835128929466
WCR2019_0903,8/27/19,NA,29,Site 2,NA,0.00423531843200015,0.0084337695150463,0.00367759615182883,0.0073635502718389
WCR2019_0908,8/27/19,NA,44,Site 2,NA,0.506333572494573,0.981162989382771,0.00414082854986192,0.00812580436468124
WCR2019_0910,8/27/19,NA,27,Site 2,NA,0.503120388501677,0.986524066102916,0.00392730981111522,0.00810086280107503
WCR2019_0914,8/27/19,NA,47,Site 2,NA,0.00203253617292823,0.00398139171252629,0.00236734300851826,0.00471421343681868
WCR2019_0919,8/27/19,NA,29,Site 3,NA,5.86232025171616e-05,7.97394328358455e-05,0.000405494868755407,0.000720097540761326
WCR2019_0923,8/27/19,NA,43,Site 3,NA,2.72074672087326e-05,2.89302771016616e-05,0.000192058086395219,0.000269562441826562
WCR2019_0927,8/27/19,NA,26,Site 3,NA,0.999952149901582,7.11500718890932e-05,0.000313643997201461,0.000568600182305067
WCR2019_0928,8/27/19,NA,34,Site 3,NA,0.0129183072793223,0.0257978836319613,0.00473410934209828,0.0094319030176848
WCR2019_0930,8/27/19,NA,29,Site 3,NA,0.725529808556211,0.544722455880423,0.0100709572434425,0.0203726619482041
WCR2019_1035,9/5/19,NA,42,Site 1,NA,6.44149806245499e-05,8.86080754224801e-05,0.000477473437786147,0.000858986475213887
WCR2019_1036,9/5/19,NA,29,Site 1,NA,0.527341117074435,0.939635721955491,0.00571505427360536,0.0113452151417731
WCR2019_1038,9/5/19,NA,29,Site 1,NA,0.999981441066183,1.89004596085652e-05,0.000127493037704833,0.000172901319092485
WCR2019_1039,9/5/19,NA,33,Site 1,NA,0.999497135757715,0.000986443063898072,0.00103170140983479,0.00204778703676744
WCR2019_1046,9/5/19,NA,53,Site 2,NA,0.0149312268540627,0.0298226235715951,0.00464695692062378,0.00929457368329167
WCR2019_1050,9/5/19,NA,37,Site 2,NA,0.00894655261258327,0.0177893510944713,0.00346255898475656,0.00690454894211143
WCR2019_1051,9/5/19,NA,38,Site 2,NA,0.522766904813805,0.939038011058309,0.0055534973740578,0.0114422991871833
WCR2019_1057,9/5/19,NA,52,Site 2,NA,0.008018377674128,0.0159806032384607,0.00297049731016152,0.00593205459881573
WCR2019_1060,9/5/19,NA,39,Site 2,NA,0.0174351928531909,0.0348384347078444,0.00481179058551784,0.00959227220155299
WCR2019_1067,9/5/19,NA,30,Site 3,NA,0.698563952726879,0.599771266141157,0.00892148539423937,0.0179304152727126
WCR2019_1071,9/5/19,NA,40,Site 3,NA,0.238446775964279,0.466725209466685,0.0100336149334908,0.020234839618206
WCR2019_1074,9/5/19,NA,34,Site 3,NA,0.568278689240587,0.85587372862402,0.00702682882547379,0.014133858680725
WCR2019_1075,9/5/19,NA,35,Site 3,NA,0.999955671152164,7.16814366948102e-05,0.000307805335612191,0.000600372749613579
WCR2019_1176,9/13/19,NA,38,Site 1,NA,0.646052614597754,0.705618613615803,0.00865080580115313,0.0173604786396027
WCR2019_1181,9/13/19,NA,59,Site 1,NA,0.501187788218945,0.996568528626157,0.00326405838131905,0.00647970885038374
WCR2019_1184,9/13/19,NA,56,Site 1,NA,0.500295039673989,0.997217451097636,0.00309370756149296,0.00602253526449203
WCR2019_1188,9/13/19,NA,54,Site 1,NA,0.0179708646438031,0.0358984312820837,0.00446184873580935,0.00892847012728452
WCR2019_1192,9/13/19,NA,40,Site 1,NA,0.998877576041496,0.00218131166167897,0.00148833136918256,0.00293231892865151
WCR2019_1199,9/13/19,NA,41,Site 2,NA,0.00666652088817584,0.0132813621809085,0.00462657958269119,0.00920516708865761
WCR2019_1200,9/13/19,NA,45,Site 2,NA,0.000134011614650503,4.02745796009293e-05,0.000673653185367606,0.000377013980323676
WCR2019_1201,9/13/19,NA,41,Site 2,NA,0.00255209654070366,0.00507625515404539,0.00292952358722687,0.00584294807631523
WCR2019_1204,9/13/19,NA,40,Site 2,NA,0.0173724362114444,0.0346074480804261,0.00439379215240476,0.00881619378924369
WCR2019_1213,9/13/19,NA,40,Site 3,NA,0.634641001320433,0.730621358485057,0.00833377018570897,0.0166528657078743
WCR2019_1214,9/13/19,NA,31,Site 3,NA,0.00354735939270059,0.00603412908115043,0.00338523536920543,0.00677581702475436
WCR2019_1219,9/13/19,NA,44,Site 3,NA,0.428526794028351,0.827092654407024,0.00766714811325075,0.0154547348618508
WCR2019_1222,9/13/19,NA,46,Site 3,NA,0.00410658028546785,0.00811629834930123,0.00333428084850318,0.00665192230371758
WCR2019_1428,9/22/19,NA,49,Site 1,NA,0.00820084815261479,0.0163602100287553,0.00432296395301823,0.00866678841412067
WCR2019_1433,9/22/19,NA,53,Site 1,NA,0.503080670765077,0.989174075366437,0.00380125641822815,0.00789391100406645
WCR2019_1435,9/22/19,NA,43,Site 1,NA,0.999724818923693,0.000528126100980607,0.00100550914440436,0.00198747703106489
WCR2019_1441,9/22/19,NA,51,Site 1,NA,1.8612577869505e-05,1.60438800405883e-05,0.000127921998500757,0.000146369814319765
WCR2019_1442,9/22/19,NA,47,Site 1,NA,3.60918000020604e-05,3.80636621940696e-05,0.000248263776302382,0.000347967731067902
WCR2019_1445,9/22/19,NA,47,Site 2,NA,0.0115454289780116,0.023030295477238,0.00390292108058932,0.00781043213792145
WCR2019_1451,9/22/19,NA,48,Site 2,NA,0.747192470677968,0.502399816307528,0.00914495512843136,0.0182059906423092
WCR2019_1455,9/22/19,NA,30,Site 2,NA,0.586792357317333,0.821441656830667,0.00721863731741901,0.0144664332270622
WCR2019_1459,9/22/19,NA,47,Site 2,NA,0.00831855022621437,0.0166047677242508,0.00418578088283539,0.00836639855988323
WCR2019_1461,9/22/19,NA,52,Site 3,NA,0.00699117529531138,0.0138940000262957,0.00403311401605599,0.00798133232165127
WCR2019_1463,9/22/19,NA,41,Site 3,NA,0.0480647600911044,0.0862008205737019,0.00648927837610236,0.0123446119949222
WCR2019_1469,9/22/19,NA,40,Site 3,NA,0.0453879825304123,0.0907385710318541,0.00584046393632887,0.0116797868162393
WCR2019_1472,9/22/19,NA,39,Site 3,NA,0.546662148833275,0.903968826100744,0.00617730244994164,0.0125333130359649
WCR2019_1577,9/27/19,NA,44,Site 1,NA,0.712432248016884,0.574673890587927,0.0088502809405327,0.0176638051867485
WCR2019_1578,9/27/19,NA,52,Site 1,NA,0.530793181394023,0.536841684874447,0.0114441975951194,0.0190910056233407
WCR2019_1579,9/27/19,NA,48,Site 1,NA,0.277052041388106,0.553087086530252,0.00919581055641172,0.0183767214417456
WCR2019_1587,9/27/19,NA,30,Site 1,NA,0.999948277401513,7.82083293154377e-05,0.000322096173337307,0.000603118757135219
WCR2019_1589,9/27/19,NA,37,Site 1,NA,0.522315105720498,0.953662575596365,0.00530255213379865,0.010702858865261
WCR2019_1593,9/27/19,NA,61,Site 2,NA,0.510707926486415,0.973219512680481,0.00418194159865382,0.00838405042886736
WCR2019_1596,9/27/19,NA,38,Site 2,NA,0.999981745077276,1.94350256424493e-05,0.000124644839844995,0.000179536987343451
WCR2019_1604,9/27/19,NA,40,Site 2,NA,0.179640375339779,0.327488278573614,0.00953715741634376,0.0184195309877396
WCR2019_1605,9/27/19,NA,46,Site 2,NA,0.633306220403348,0.705212941889105,0.00868065804243084,0.0173128589987754
WCR2019_1610,9/27/19,NA,47,Site 3,NA,0.717415355666616,0.561127237701553,0.00892923623323444,0.0180563807487487
WCR2019_1613,9/27/19,NA,29,Site 3,NA,6.83576982891582e-05,0.000104950122277083,0.000489236414432548,0.000911692436784479
WCR2019_1615,9/27/19,NA,50,Site 3,NA,0.524041105823955,0.951896559263783,0.005165022611618,0.0103537857532501
WCR2019_1621,9/27/19,NA,42,Site 3,NA,0.766234255624914,0.377156060663448,0.0100329909473658,0.018119652569294
WCR2019_1625,9/27/19,NA,38,Site 3,NA,0.99985138321745,0.000273979740176645,0.000716259947170464,0.00140240578039032
WCR2019_1697,10/3/19,NA,47,Site 1,NA,0.994726460021118,0.0105120951766095,0.00212953251320869,0.00424709732178599
WCR2019_1699,10/3/19,NA,59,Site 1,NA,0.298772364433469,0.578175713933747,0.00958257913589478,0.0188458248972893
WCR2019_1704,10/3/19,NA,47,Site 1,NA,0.833047940679665,0.333448650602294,0.00824449695646762,0.016576860845089
WCR2019_1706,10/3/19,NA,63,Site 1,NA,0.0107456973284194,0.0214571188930315,0.00377501547336567,0.00756000927649438
WCR2019_1709,10/3/19,NA,45,Site 1,NA,0.242229031505941,0.483772624482711,0.00946294367313394,0.0188989944756031
WCR2019_1713,10/3/19,NA,63,Site 2,NA,0.482464446356927,0.96483967074375,0.0046423301100732,0.00928886532783513
WCR2019_1720,10/3/19,NA,39,Site 2,NA,0.00934479839098907,0.0186584120504986,0.00358832031488421,0.00719930501654744
WCR2019_1722,10/3/19,NA,37,Site 2,NA,0.00898163861011679,0.0171447758140556,0.00371767282485957,0.00716949242632836
WCR2019_1723,10/3/19,NA,57,Site 2,NA,0.00989463387800029,0.0197202020852149,0.00481355339288714,0.00962863580789417
WCR2019_1732,10/3/19,NA,43,Site 3,NA,0.27653826514366,0.545545753476949,0.00945614576339715,0.0186382010579109
WCR2019_1735,10/3/19,NA,37,Site 3,NA,0.757244102944588,0.480141078612243,0.00887273624539375,0.0179590471088886
WCR2019_1737,10/3/19,NA,43,Site 3,NA,0.505962858268584,0.98517434832351,0.00407232195138929,0.00825612694025035
WCR2019_1738,10/3/19,NA,44,Site 3,NA,0.214552545054206,0.403044197840252,0.00980304926633835,0.019013986736536
WCR2019_1814,10/13/19,NA,49,Site 1,NA,0.763421613933711,0.468955552569409,0.00941826961934566,0.0188479520380496
WCR2019_1816,10/13/19,NA,58,Site 1,NA,0.000118499658889503,0.000204870319341252,0.000699767470359824,0.00133260350266929
WCR2019_1821,10/13/19,NA,46,Site 1,NA,0.990617153524667,0.0186796749435665,0.00261247390881181,0.00522669651545584
WCR2019_1822,10/13/19,NA,47,Site 1,NA,0.00188033597456847,0.00368486992245701,0.00356528609991069,0.00706736493160811
WCR2019_1824,10/13/19,NA,30,Site 1,NA,0.292413916906406,0.535468516092876,0.00978779941797259,0.0187784433364867
WCR2019_1827,10/13/19,NA,45,Site 2,NA,0.290474570575117,0.552007654151697,0.00957996845245368,0.019241651892662
WCR2019_1829,10/13/19,NA,47,Site 2,NA,0.0130825340858093,0.0260928010308965,0.00407995283603668,0.00816085590049624
WCR2019_1831,10/13/19,NA,40,Site 2,NA,3.51276007278888e-05,2.04101287712718e-05,0.000254572927951835,0.000191237086255564
WCR2019_1834,10/13/19,NA,43,Site 2,NA,0.724600040850968,0.54734445442756,0.00887252837419511,0.0177404761314393
WCR2019_1840,10/13/19,NA,47,Site 2,NA,0.513795875499303,0.92775521520568,0.00772454291582109,0.0156491667032241
WCR2019_1842,10/13/19,NA,48,Site 3,NA,0.292069474212055,0.579168494747973,0.00922795832157131,0.0189216509461404
WCR2019_1844,10/13/19,NA,43,Site 3,NA,0.226863627074094,0.453410715794769,0.00957487672567359,0.0191262789070606
WCR2019_1846,10/13/19,NA,37,Site 3,NA,0.989754932259006,0.0112556187341514,0.0031933699734509,0.00466522581409663
WCR2019_1847,10/13/19,NA,53,Site 3,NA,0.998698237370486,0.00258143620558843,0.00131869856704725,0.00261810715892352
WCR2019_1848,10/13/19,NA,41,Site 3,NA,0.999968740412559,3.73486826680568e-05,0.000221757744707954,0.000344039442279603
WCR2020_301,8/22/20,NA,42,Middle,NA,0.0151445717996136,0.0302334797631778,0.00484131425619116,0.00971522843465209
WCR2020_302,8/22/20,NA,33,Middle,NA,0.393662007581228,0.562239352587996,0.010930386185646,0.0197505369782447
WCR2020_303,8/22/20,NA,28,Middle,NA,0.997545255922723,0.00488812878152527,0.00150763586279936,0.0030030776921194
WCR2020_304,8/22/20,NA,47,Middle,NA,2.61162989624455e-05,1.99998908740136e-05,0.000184121727943465,0.000186213355482316
WCR2020_305,8/22/20,NA,28,Middle,NA,0.317589455534672,0.623492718571904,0.0102834224700928,0.0203652158379555
WCR2020_306,8/22/20,NA,27,Middle,NA,0.45608263301267,0.531287533904629,0.0127710103988646,0.0210326254367829
WCR2020_308,8/22/20,NA,43,Middle,NA,0.0461525308150241,0.0922557046833908,0.0066296353936196,0.0132712816819548
WCR2020_310,8/22/20,NA,45,Middle,NA,1.89189200364123e-05,1.65553332387245e-05,0.00013370215892794,0.000152000416346707
WCR2020_311,8/22/20,NA,27,Middle,NA,0.00590965556607036,0.0117557502078727,0.00358447432517994,0.00714294263161718
WCR2020_312,8/22/20,NA,35,Middle,NA,0.221424787249202,0.442555775385478,0.0101635873317719,0.0204710692167282
WCR2020_313,8/22/20,NA,27,Middle,NA,0.346503841453928,0.49228065755518,0.0119250252842903,0.0204946212470531
WCR2020_314,8/22/20,NA,102,Middle,NA,0.780496550377073,0.437707074080733,0.00929159633815285,0.0185413390398025
WCR2020_315,8/22/20,NA,79,Middle,NA,0.537606418269804,0.915502235557156,0.00597078576683996,0.0119729712605476
WCR2020_316,8/22/20,NA,26,Middle,NA,0.278205124283659,0.548340297865457,0.00959112942218787,0.0191362529993058
WCR2020_317,8/22/20,NA,24,Middle,NA,0.783558241728394,0.432613884037596,0.0087138071656227,0.0175131246447564
WCR2020_318,8/22/20,NA,36,Middle,NA,0.000127401894446922,0.00010063273552804,0.000725091993808769,0.000945992339984493
WCR2020_320,8/22/20,NA,28,Middle,NA,0.693659923991253,0.610350813660128,0.00938781127333643,0.0191806226968765
WCR2020_321,8/22/20,NA,26,Middle,NA,0.0235681080288286,0.0468789510572351,0.00481831878423689,0.00967488326132296
WCR2020_322,8/22/20,NA,47,Middle,NA,0.000146547209378989,0.000253989288568745,0.00106692314147949,0.00209155288757749
WCR2020_323,8/22/20,NA,33,Middle,NA,0.000266092180582507,0.000456612012850254,0.0012006998062134,0.00232036000816072
WCR2020_324,8/22/20,NA,33,Middle,NA,2.28265022401409e-05,2.1589292376136e-05,0.000165286660194441,0.000201341947104079
WCR2020_325,8/22/20,NA,37,Middle,NA,0.000108951736423787,0.000166640134526716,0.000763846933841683,0.00145885501406154
WCR2020_326,8/22/20,NA,26,Middle,NA,0.999984371004433,1.55336850195545e-05,0.000110048950881321,0.000144328691021652
WCR2020_327,8/22/20,NA,36,Middle,NA,0.0194829515730641,0.0384477390063092,0.00693553537130354,0.0138151468709111
WCR2020_328,8/22/20,NA,82,Middle,NA,0.519127490794522,0.957340925496885,0.00473855063319212,0.00955929756164542
WCR2020_329,8/22/20,NA,77,Middle,NA,0.997893603838038,0.00419044533447395,0.00143419235246256,0.00285479062004015
WCR2020_330,8/22/20,NA,27,Middle,NA,9.1883639425599e-05,0.000137876576422682,0.00067723989486701,0.00126179595536084
WCR2020_331,8/22/20,NA,45,Middle,NA,3.25945289619846e-05,3.40433980321501e-05,0.000232641398906774,0.0003150585325784
WCR2020_332,8/22/20,NA,27,Middle,NA,2.72763756829817e-05,2.31653201088543e-05,0.000192290544509865,0.000210777300890183
WCR2020_333,8/22/20,NA,27,Middle,NA,0.3782667975436,0.680828768350612,0.00946244746446612,0.0181829139590263
WCR2020_334,8/22/20,NA,28,Middle,NA,0.535171290190741,0.927393827390397,0.00588261634111403,0.0118824154138565
WCR2020_335,8/22/20,NA,42,Middle,NA,0.0138701994434513,0.0271125571503593,0.00485696941614155,0.00959228854626416
WCR2020_336,8/22/20,NA,30,Middle,NA,0.467992694987648,0.473084598861892,0.0129013374447823,0.0208888158202171
WCR2020_337,8/22/20,NA,44,Middle,NA,0.00283993056415297,0.0056229081915414,0.00418828129768367,0.00844831766735296
WCR2020_338,8/22/20,NA,32,Middle,NA,0.0183554226014999,0.0366435025183848,0.00431612581014629,0.00861606411635876
WCR2020_339,8/22/20,NA,26,Middle,NA,3.18732606764693e-05,2.63533563751374e-05,0.000228585302829765,0.000244642534380538
WCR2020_340,8/22/20,NA,30,Middle,NA,3.57260020895416e-05,3.33977342819413e-05,0.0002480149269104,0.000313106115208935
WCR2020_341,8/22/20,NA,46,Middle,NA,3.19606695679798e-05,4.07594023738862e-05,0.000227348506450675,0.000380614023742958
WCR2020_342,8/22/20,NA,33,Middle,NA,0.356985518396243,0.599145408882492,0.0104901909828186,0.0199061200022697
WCR2020_343,8/22/20,NA,38,Middle,NA,3.81643082372703e-05,3.59409063410496e-05,0.000267806649208113,0.000331327343155859
WCR2020_344,8/22/20,NA,26,Middle,NA,0.739442122321704,0.520071551426389,0.00905580595135685,0.018222738802433
WCR2020_345,9/5/20,NA,55,Middle,NA,0.0432079379862153,0.0863554129698153,0.00626195967197407,0.0125152196735144
WCR2020_346,9/5/20,NA,34,Middle,NA,0.569610650152311,0.544305300390583,0.0115705251693726,0.0195010840892791
WCR2020_347,9/5/20,NA,37,Middle,NA,0.696956780789227,0.605666540018443,0.00961502492427829,0.0192358076572419
WCR2020_348,9/5/20,NA,46,Middle,NA,0.0779274323985152,0.155826475699058,0.00730358064174652,0.0145993445068598
WCR2020_349,9/5/20,NA,26,Middle,NA,0.311715217991464,0.583709719516765,0.0096074000000953,0.0185072034597397
WCR2020_350,9/5/20,NA,35,Middle,NA,0.707138544464934,0.585023928394263,0.00889137014746666,0.0179465010762213
WCR2020_351,9/5/20,NA,45,Middle,NA,0.000272015971803765,0.000203097188100996,0.00110781341791144,0.00163219245150681
WCR2020_352,9/5/20,NA,28,Middle,NA,0.222839749111184,0.445519659818932,0.00936756879091272,0.0188306771218777
WCR2020_353,9/5/20,NA,41,Middle,NA,3.25285593453601e-05,2.25986112449172e-05,0.000233471393585205,0.000215181559178738
WCR2020_354,9/5/20,NA,29,Middle,NA,0.687346336248962,0.615624471241715,0.0089703746140003,0.0179926946759223
WCR2020_355,9/5/20,NA,47,Middle,NA,0.999983496707061,1.55358191134711e-05,0.000114677011377602,0.000140115989779585
WCR2020_356,9/5/20,NA,40,Middle,NA,0.393355571855416,0.582333460546088,0.0108930543065071,0.0191693902015686
WCR2020_357,9/5/20,NA,29,Middle,NA,0.965650672696788,0.0686513213695552,0.00655199876055121,0.013112414162606
WCR2020_358,9/5/20,NA,54,Middle,NA,0.0146441581510221,0.0291384308783059,0.00451615452766418,0.00904412702657283
WCR2020_359,9/5/20,NA,29,Middle,NA,0.261564256154086,0.431581740118991,0.0105128362774848,0.0192266270518303
WCR2020_360,9/5/20,NA,38,Middle,NA,0.638129788161009,0.720481472734747,0.00936029255390169,0.0190527155995369
WCR2020_361,9/5/20,NA,33,Middle,NA,0.793676435844652,0.412552116290591,0.00875278934836385,0.0175670348107815
WCR2020_362,9/5/20,NA,54,Middle,NA,4.76468696822507e-05,2.74207545364454e-05,0.000334742665290766,0.000250875779602207
WCR2020_363,9/5/20,NA,33,Middle,NA,0.739530439712535,0.520796417539147,0.0091381832957268,0.0183123067021369
WCR2020_364,9/5/20,NA,33,Middle,NA,0.249349535606887,0.388149664518477,0.0105963781476021,0.0188607081770897
WCR2020_365,9/5/20,NA,36,Middle,NA,0.999986254220036,1.2500628591535e-05,9.58734677023428e-05,0.000117806919115536
WCR2020_366,9/5/20,NA,50,Middle,NA,0.736672992668618,0.503165930811016,0.00923941507935522,0.0180135272443295
WCR2020_368,9/5/20,NA,32,Middle,NA,0.224468342381819,0.436722881901881,0.00933444201946254,0.0186350889503955
WCR2020_369,9/5/20,NA,52,Middle,NA,0.000118328350172962,0.000195664788870624,0.000848124921321913,0.00165187001402951
WCR2020_370,9/5/20,NA,33,Middle,NA,0.00818347092683095,0.0162749643795642,0.00339760035276415,0.00678100495133549
WCR2020_371,9/5/20,NA,24,Middle,NA,0.311852900358452,0.573375749197499,0.00975796878337853,0.0184003785252571
WCR2020_372,9/5/20,NA,25,Middle,NA,0.00718501285904076,0.0142417572692957,0.00356920808553696,0.00710411090403795
